{"$schema":"http://schema.management.azure.com/schemas/2015-01-01/deploymentTemplate.json#","contentVersion":"1.0.0.0","parameters":{"factoryName":{"type":"string","metadata":"Data Factory name"},"AzureBlobStorage1":{"type":"string"}},"variables":{"factoryId":"[concat('Microsoft.DataFactory/factories/', parameters('factoryName'))]"},"resources":[{"name":"[concat(parameters('factoryName'), '/DistinctRows')]","type":"Microsoft.DataFactory/factories/pipelines","apiVersion":"2018-06-01","properties":{"description":"Many examples of shareable data flows for distinct rows and deduping data","activities":[{"name":"DistinctRows","type":"ExecuteDataFlow","dependsOn":[],"policy":{"timeout":"7.00:00:00","retry":0,"retryIntervalInSeconds":30,"secureOutput":false,"secureInput":false},"userProperties":[],"typeProperties":{"dataflow":{"referenceName":"DistinctRowsAll","type":"DataFlowReference","parameters":{},"datasetParameters":{"MoviesCSV":{},"OutputDistinctData":{}}},"staging":{},"integrationRuntime":{"referenceName":"dataflowcluster","type":"IntegrationRuntimeReference"}}}],"annotations":[]},"dependsOn":["[concat(variables('factoryId'), '/dataflows/DistinctRowsAll')]"]},{"name":"[concat(parameters('factoryName'), '/DistinctRowsAll')]","type":"Microsoft.DataFactory/factories/dataflows","apiVersion":"2018-06-01","properties":{"description":"Distinct Rows using fuzzy, key, all cols","type":"MappingDataFlow","typeProperties":{"sources":[{"dataset":{"referenceName":"MoviesD2","type":"DatasetReference"},"name":"MoviesCSV"}],"sinks":[{"dataset":{"referenceName":"folderout","type":"DatasetReference"},"name":"OutputDistinctData"}],"transformations":[{"name":"DistinctRows"},{"name":"RowCountDistinct"},{"name":"OriginalData"},{"name":"RowCountOrig"},{"name":"DistinctAllCols"},{"name":"FuzzyMatch"},{"name":"RowCountAll"},{"name":"RowCountFuzzy"}],"script":"source(output(\n\t\tmovie as string,\n\t\ttitle as string,\n\t\tgenres as string,\n\t\tyear as string,\n\t\tRating as string,\n\t\tRottenTomato as string\n\t),\n\tallowSchemaDrift: true,\n\tvalidateSchema: false) ~> MoviesCSV\nMoviesCSV aggregate(groupBy(movie),\n\teach(match(name!='movie'), $$ = first($$))) ~> DistinctRows\nDistinctRows aggregate(rowcount_agg = count(1)) ~> RowCountDistinct\nMoviesCSV select(mapColumn(\n\t\tmovie,\n\t\ttitle,\n\t\tgenres,\n\t\tyear,\n\t\tRating,\n\t\tRottenTomato\n\t),\n\tskipDuplicateMapInputs: false,\n\tskipDuplicateMapOutputs: false) ~> OriginalData\nOriginalData aggregate(rowcount_orig = count(1)) ~> RowCountOrig\nMoviesCSV aggregate(groupBy(mycols = sha2(256,columns())),\n\teach(match(true()), $$ = first($$))) ~> DistinctAllCols\nMoviesCSV aggregate(groupBy(colsfuzzy = sha2(256,movie,year,soundex(title))),\n\teach(match(true()), $$ = first($$))) ~> FuzzyMatch\nDistinctAllCols aggregate(rowcountall = count(1)) ~> RowCountAll\nFuzzyMatch aggregate(rowcountfuzzy = count(1)) ~> RowCountFuzzy\nDistinctRows sink(allowSchemaDrift: true,\n\tvalidateSchema: false,\n\tpartitionBy('hash', 1)) ~> OutputDistinctData"}},"dependsOn":["[concat(variables('factoryId'), '/datasets/MoviesD2')]","[concat(variables('factoryId'), '/datasets/folderout')]"]},{"name":"[concat(parameters('factoryName'), '/MoviesD2')]","type":"Microsoft.DataFactory/factories/datasets","apiVersion":"2018-06-01","properties":{"linkedServiceName":{"referenceName":"[parameters('AzureBlobStorage1')]","type":"LinkedServiceReference"},"annotations":[],"type":"DelimitedText","typeProperties":{"location":{"type":"AzureBlobStorageLocation","fileName":"moviesDB.csv","folderPath":"SampleData","container":"mycontainer"},"columnDelimiter":",","escapeChar":"\\","firstRowAsHeader":true,"quoteChar":"\""},"schema":[{"name":"movie","type":"String"},{"name":"title","type":"String"},{"name":"genres","type":"String"},{"name":"year","type":"String"},{"name":"Rating","type":"String"},{"name":"RottenTomato","type":"String"}]},"dependsOn":[]},{"name":"[concat(parameters('factoryName'), '/folderout')]","type":"Microsoft.DataFactory/factories/datasets","apiVersion":"2018-06-01","properties":{"linkedServiceName":{"referenceName":"[parameters('AzureBlobStorage1')]","type":"LinkedServiceReference"},"annotations":[],"type":"DelimitedText","typeProperties":{"location":{"type":"AzureBlobStorageLocation","folderPath":"output/demoout1","container":"mycontainer"},"columnDelimiter":",","escapeChar":"\\","firstRowAsHeader":false,"quoteChar":"\""},"schema":[]},"dependsOn":[]}]}