{"$schema":"http://schema.management.azure.com/schemas/2015-01-01/deploymentTemplate.json#","contentVersion":"1.0.0.0","parameters":{"factoryName":{"type":"string","metadata":"Data Factory name"},"AzureBlobStorage1":{"type":"string"}},"variables":{"factoryId":"[concat('Microsoft.DataFactory/factories/', parameters('factoryName'))]"},"resources":[{"name":"[concat(parameters('factoryName'), '/summaryStats')]","type":"Microsoft.DataFactory/factories/pipelines","apiVersion":"2018-06-01","properties":{"activities":[{"name":"ExecuteSummaryStats","type":"ExecuteDataFlow","dependsOn":[],"policy":{"timeout":"7.00:00:00","retry":0,"retryIntervalInSeconds":30,"secureOutput":false},"userProperties":[],"typeProperties":{"dataflow":{"referenceName":"summaryStats","type":"DataFlowReference","parameters":{},"datasetParameters":{"Movies":{},"sink1":{}}},"staging":{},"compute":{"coreCount":8,"computeType":"General"}}}],"annotations":[]},"dependsOn":["[concat(variables('factoryId'), '/dataflows/summaryStats')]"]},{"name":"[concat(parameters('factoryName'), '/summaryStats')]","type":"Microsoft.DataFactory/factories/dataflows","apiVersion":"2018-06-01","properties":{"type":"MappingDataFlow","typeProperties":{"sources":[{"dataset":{"referenceName":"MoviesD2","type":"DatasetReference"},"name":"Movies"}],"sinks":[{"dataset":{"referenceName":"folderout","type":"DatasetReference"},"name":"sink1"}],"transformations":[{"name":"SummaryStats"},{"name":"MoreAggs"},{"name":"ValueDistAgg"},{"name":"UniqDist"},{"name":"Join1"}],"script":"source(output(\n\t\tmovie as string,\n\t\ttitle as string,\n\t\tgenres as string,\n\t\tyear as integer,\n\t\tRating as integer,\n\t\tRottenTomato as integer\n\t),\n\tallowSchemaDrift: true,\n\tvalidateSchema: false) ~> Movies\nMovies aggregate(each(match(true()), $$+'_NotNull' = countIf(!isNull($$)), $$ + '_Null' = countIf(isNull($$))),\n\t\teach(match(type=='double'||type=='integer'||type=='short'||type=='decimal'), $$+'_stddev' = round(stddev($$),2), $$ + '_min' = min ($$), $$ + '_max' = max($$), $$ + '_average' = round(avg($$),2), $$ + '_variance' = round(variance($$),2)),\n\t\teach(match(type=='string'), $$+'_maxLength' = max(length($$)))) ~> SummaryStats\nMovies select(mapColumn(\n\t\tmovie,\n\t\ttitle,\n\t\tgenres,\n\t\tyear,\n\t\tRating,\n\t\tRottenTomato\n\t),\n\tskipDuplicateMapInputs: true,\n\tskipDuplicateMapOutputs: true) ~> MoreAggs\nMoreAggs aggregate(groupBy(title),\n\tcountunique = count()) ~> ValueDistAgg\nValueDistAgg aggregate(numofunique = countIf(countunique==1),\n\t\tnumofdistinct = countDistinct(title)) ~> UniqDist\nSummaryStats, UniqDist join((movie_NotNull-movie_NotNull) == (numofunique-numofunique),\n\tjoinType:'cross',\n\tbroadcast: 'none')~> Join1\nJoin1 sink(allowSchemaDrift: true,\n\tvalidateSchema: false,\n\tpartitionFileNames:['summarystats.csv'],\n\tpartitionBy('hash', 1),\n\tskipDuplicateMapInputs: true,\n\tskipDuplicateMapOutputs: true) ~> sink1"}},"dependsOn":["[concat(variables('factoryId'), '/datasets/MoviesD2')]","[concat(variables('factoryId'), '/datasets/folderout')]"]},{"name":"[concat(parameters('factoryName'), '/MoviesD2')]","type":"Microsoft.DataFactory/factories/datasets","apiVersion":"2018-06-01","properties":{"linkedServiceName":{"referenceName":"[parameters('AzureBlobStorage1')]","type":"LinkedServiceReference"},"annotations":[],"type":"DelimitedText","typeProperties":{"location":{"type":"AzureBlobStorageLocation","fileName":"moviesDB.csv","folderPath":"SampleData","container":"mycontainer"},"columnDelimiter":",","escapeChar":"\\","firstRowAsHeader":true,"quoteChar":"\""},"schema":[{"name":"movie","type":"String"},{"name":"title","type":"String"},{"name":"genres","type":"String"},{"name":"year","type":"String"},{"name":"Rating","type":"String"},{"name":"RottenTomato","type":"String"}]},"dependsOn":[]},{"name":"[concat(parameters('factoryName'), '/folderout')]","type":"Microsoft.DataFactory/factories/datasets","apiVersion":"2018-06-01","properties":{"linkedServiceName":{"referenceName":"[parameters('AzureBlobStorage1')]","type":"LinkedServiceReference"},"annotations":[],"type":"DelimitedText","typeProperties":{"location":{"type":"AzureBlobStorageLocation","folderPath":"output/mydataflow123partfiles","container":"mycontainer"},"columnDelimiter":",","escapeChar":"\\","firstRowAsHeader":true,"quoteChar":"\""},"schema":[]},"dependsOn":[]}]}