{"$schema":"http://schema.management.azure.com/schemas/2015-01-01/deploymentTemplate.json#","contentVersion":"1.0.0.0","parameters":{"factoryName":{"type":"string","metadata":"Data Factory name"},"AzureSqlDatabase1":{"type":"string"}},"variables":{"factoryId":"[concat('Microsoft.DataFactory/factories/', parameters('factoryName'))]"},"resources":[{"name":"[concat(parameters('factoryName'), '/awpipeline')]","type":"Microsoft.DataFactory/factories/pipelines","apiVersion":"2018-06-01","properties":{"activities":[{"name":"AWDataFlow","type":"ExecuteDataFlow","dependsOn":[],"policy":{"timeout":"1.00:00:00","retry":0,"retryIntervalInSeconds":30,"secureOutput":false,"secureInput":false},"userProperties":[],"typeProperties":{"dataflow":{"referenceName":"AWDataFlow","type":"DataFlowReference","parameters":{"CustomerID":{"value":"29485","type":"Expression"}},"datasetParameters":{"CustAddress":{},"Customers":{},"AWAddress":{},"sourceQuery":{},"sink1":{},"sink2":{}}},"staging":{},"compute":{"coreCount":8,"computeType":"General"},"traceLevel":"Fine"}}],"policy":{"elapsedTimeMetric":{},"cancelAfter":{}},"annotations":[]},"dependsOn":["[concat(variables('factoryId'), '/dataflows/AWDataFlow')]"]},{"name":"[concat(parameters('factoryName'), '/AWDataFlow')]","type":"Microsoft.DataFactory/factories/dataflows","apiVersion":"2018-06-01","properties":{"type":"MappingDataFlow","typeProperties":{"sources":[{"dataset":{"referenceName":"AWCustAddress","type":"DatasetReference"},"name":"CustAddress"},{"dataset":{"referenceName":"AWCustomers","type":"DatasetReference"},"name":"Customers"},{"dataset":{"referenceName":"Address","type":"DatasetReference"},"name":"AWAddress"},{"dataset":{"referenceName":"AzureSqlTable1","type":"DatasetReference"},"name":"sourceQuery"}],"sinks":[{"name":"sink1"},{"dataset":{"referenceName":"AzureSqlTable1","type":"DatasetReference"},"name":"sink2"}],"transformations":[{"name":"JoinCustomerBridge"},{"name":"JoinAddress"},{"name":"RowCount1"},{"name":"RowCount2"},{"name":"SelectColumns"},{"name":"WhereFilter"},{"name":"RowCount3"}],"script":"parameters{\n\tCustomerID as integer (29485)\n}\nsource(output(\n\t\tCustomerID as integer,\n\t\tAddressID as integer,\n\t\tAddressType as string,\n\t\trowguid as string,\n\t\tModifiedDate as timestamp\n\t),\n\tallowSchemaDrift: true,\n\tvalidateSchema: false,\n\tisolationLevel: 'READ_UNCOMMITTED',\n\tformat: 'table') ~> CustAddress\nsource(output(\n\t\tCustomerID as integer,\n\t\tNameStyle as boolean,\n\t\tTitle as string,\n\t\tFirstName as string,\n\t\tMiddleName as string,\n\t\tLastName as string,\n\t\tSuffix as string,\n\t\tCompanyName as string,\n\t\tSalesPerson as string,\n\t\tEmailAddress as string,\n\t\tPhone as string,\n\t\tPasswordHash as string,\n\t\tPasswordSalt as string,\n\t\trowguid as string,\n\t\tModifiedDate as timestamp\n\t),\n\tallowSchemaDrift: true,\n\tvalidateSchema: false,\n\tisolationLevel: 'READ_UNCOMMITTED',\n\tformat: 'table') ~> Customers\nsource(output(\n\t\tAddressID as integer,\n\t\tAddressLine1 as string,\n\t\tAddressLine2 as string,\n\t\tCity as string,\n\t\tStateProvince as string,\n\t\tCountryRegion as string,\n\t\tPostalCode as string,\n\t\trowguid as string,\n\t\tModifiedDate as timestamp\n\t),\n\tallowSchemaDrift: true,\n\tvalidateSchema: false,\n\tisolationLevel: 'READ_UNCOMMITTED',\n\tformat: 'table') ~> AWAddress\nsource(output(\n\t\tCustomerID as integer,\n\t\tNameStyle as boolean,\n\t\tTitle as string,\n\t\tFirstName as string,\n\t\tLastName as string,\n\t\tCompanyName as string,\n\t\tSalesPerson as string,\n\t\tEmailAddress as string,\n\t\tPhone as string,\n\t\tAddressLine1 as string,\n\t\tAddressLine2 as string,\n\t\tCity as string,\n\t\tStateProvince as string,\n\t\tCountryRegion as string,\n\t\tPostalCode as string\n\t),\n\tallowSchemaDrift: true,\n\tvalidateSchema: false,\n\tisolationLevel: 'READ_UNCOMMITTED',\n\tquery: '   SELECT\\n   \t\ta.CustomerID,\\n\t\tNameStyle,\\n\t\tTitle,\\n\t\tFirstName,\\n\t\tLastName,\\n\t\tCompanyName,\\n\t\tSalesPerson,\\n\t\tEmailAddress,\\n\t\tPhone,\\n\t\tAddressLine1,\\n\t\tAddressLine2,\\n\t\tCity,\\n\t\tStateProvince,\\n\t\tCountryRegion,\\n\t\tPostalCode\\n   FROM SalesLT.Customer a  \\n   INNER JOIN SalesLT.CustomerAddress b ON a.CustomerID = b.CustomerID\\n   INNER JOIN SalesLT.Address c ON b.AddressID = c.AddressID\\n   WHERE StateProvince = \\'Washington\\' or StateProvince = \\'Pennsylvania\\'',\n\tformat: 'query') ~> sourceQuery\nCustomers, CustAddress join(Customers@CustomerID == CustAddress@CustomerID,\n\tjoinType:'inner',\n\tbroadcast: 'auto')~> JoinCustomerBridge\nJoinCustomerBridge, AWAddress join(CustAddress@AddressID == AWAddress@AddressID,\n\tjoinType:'inner',\n\tbroadcast: 'auto')~> JoinAddress\nCustomers aggregate(rowcount = count()) ~> RowCount1\nJoinAddress aggregate(rowcount = count()) ~> RowCount2\nJoinAddress select(mapColumn(\n\t\tCustomerID = Customers@CustomerID,\n\t\tNameStyle,\n\t\tTitle,\n\t\tFirstName,\n\t\tLastName,\n\t\tCompanyName,\n\t\tSalesPerson,\n\t\tEmailAddress,\n\t\tPhone,\n\t\tAddressLine1,\n\t\tAddressLine2,\n\t\tCity,\n\t\tStateProvince,\n\t\tCountryRegion,\n\t\tPostalCode\n\t),\n\tskipDuplicateMapInputs: true,\n\tskipDuplicateMapOutputs: true) ~> SelectColumns\nSelectColumns filter(CustomerID == $CustomerID) ~> WhereFilter\nWhereFilter aggregate(rowcount = count()) ~> RowCount3\nWhereFilter sink(allowSchemaDrift: true,\n\tvalidateSchema: false,\n\tskipDuplicateMapInputs: true,\n\tskipDuplicateMapOutputs: true,\n\tstore: 'cache',\n\tformat: 'inline',\n\toutput: false,\n\tsaveOrder: 0) ~> sink1\nsourceQuery sink(allowSchemaDrift: true,\n\tvalidateSchema: false,\n\tdeletable:false,\n\tinsertable:true,\n\tupdateable:false,\n\tupsertable:false,\n\tformat: 'table',\n\tskipDuplicateMapInputs: true,\n\tskipDuplicateMapOutputs: true,\n\terrorHandlingOption: 'stopOnFirstError') ~> sink2"}},"dependsOn":["[concat(variables('factoryId'), '/datasets/AWCustAddress')]","[concat(variables('factoryId'), '/datasets/AWCustomers')]","[concat(variables('factoryId'), '/datasets/Address')]","[concat(variables('factoryId'), '/datasets/AzureSqlTable1')]"]},{"name":"[concat(parameters('factoryName'), '/AWCustAddress')]","type":"Microsoft.DataFactory/factories/datasets","apiVersion":"2018-06-01","properties":{"linkedServiceName":{"referenceName":"[parameters('AzureSqlDatabase1')]","type":"LinkedServiceReference"},"annotations":[],"type":"AzureSqlTable","schema":[{"name":"CustomerID","type":"int","precision":10},{"name":"AddressID","type":"int","precision":10},{"name":"AddressType","type":"nvarchar"},{"name":"rowguid","type":"uniqueidentifier"},{"name":"ModifiedDate","type":"datetime","precision":23,"scale":3}],"typeProperties":{"schema":"SalesLT","table":"CustomerAddress"}},"dependsOn":[]},{"name":"[concat(parameters('factoryName'), '/AWCustomers')]","type":"Microsoft.DataFactory/factories/datasets","apiVersion":"2018-06-01","properties":{"linkedServiceName":{"referenceName":"[parameters('AzureSqlDatabase1')]","type":"LinkedServiceReference"},"annotations":[],"type":"AzureSqlTable","schema":[{"name":"CustomerID","type":"int","precision":10},{"name":"NameStyle","type":"bit"},{"name":"Title","type":"nvarchar"},{"name":"FirstName","type":"nvarchar"},{"name":"MiddleName","type":"nvarchar"},{"name":"LastName","type":"nvarchar"},{"name":"Suffix","type":"nvarchar"},{"name":"CompanyName","type":"nvarchar"},{"name":"SalesPerson","type":"nvarchar"},{"name":"EmailAddress","type":"nvarchar"},{"name":"Phone","type":"nvarchar"},{"name":"PasswordHash","type":"varchar"},{"name":"PasswordSalt","type":"varchar"},{"name":"rowguid","type":"uniqueidentifier"},{"name":"ModifiedDate","type":"datetime","precision":23,"scale":3}],"typeProperties":{"schema":"SalesLT","table":"Customer"}},"dependsOn":[]},{"name":"[concat(parameters('factoryName'), '/Address')]","type":"Microsoft.DataFactory/factories/datasets","apiVersion":"2018-06-01","properties":{"linkedServiceName":{"referenceName":"[parameters('AzureSqlDatabase1')]","type":"LinkedServiceReference"},"annotations":[],"type":"AzureSqlTable","schema":[{"name":"AddressID","type":"int","precision":10},{"name":"AddressLine1","type":"nvarchar"},{"name":"AddressLine2","type":"nvarchar"},{"name":"City","type":"nvarchar"},{"name":"StateProvince","type":"nvarchar"},{"name":"CountryRegion","type":"nvarchar"},{"name":"PostalCode","type":"nvarchar"},{"name":"rowguid","type":"uniqueidentifier"},{"name":"ModifiedDate","type":"datetime","precision":23,"scale":3}],"typeProperties":{"schema":"SalesLT","table":"Address"}},"dependsOn":[]},{"name":"[concat(parameters('factoryName'), '/AzureSqlTable1')]","type":"Microsoft.DataFactory/factories/datasets","apiVersion":"2018-06-01","properties":{"linkedServiceName":{"referenceName":"[parameters('AzureSqlDatabase1')]","type":"LinkedServiceReference"},"annotations":[],"type":"AzureSqlTable","schema":[],"typeProperties":{"schema":"SalesLT","table":"ProductDescription"}},"dependsOn":[]}]}