{"$schema":"http://schema.management.azure.com/schemas/2015-01-01/deploymentTemplate.json#","contentVersion":"1.0.0.0","parameters":{"factoryName":{"type":"string","metadata":"Data Factory name"},"AzureBlobStorage1":{"type":"string"},"MoviesADLS":{"type":"string"}},"variables":{"factoryId":"[concat('Microsoft.DataFactory/factories/', parameters('factoryName'))]"},"resources":[{"name":"[concat(parameters('factoryName'), '/SkipLines')]","type":"Microsoft.DataFactory/factories/pipelines","apiVersion":"2018-06-01","properties":{"activities":[{"name":"wheretostart","type":"ExecuteDataFlow","dependsOn":[],"policy":{"timeout":"7.00:00:00","retry":0,"retryIntervalInSeconds":30,"secureOutput":false,"secureInput":false},"userProperties":[],"typeProperties":{"dataflow":{"referenceName":"wheredoesmydatabegin","type":"DataFlowReference","parameters":{},"datasetParameters":{"source1":{},"sink1":{}}},"staging":{},"integrationRuntime":{"referenceName":"myDataFlowCluster","type":"IntegrationRuntimeReference"}}},{"name":"Lookup1","type":"Lookup","dependsOn":[{"activity":"wheretostart","dependencyConditions":["Succeeded"]}],"policy":{"timeout":"7.00:00:00","retry":0,"retryIntervalInSeconds":30,"secureOutput":false,"secureInput":false},"userProperties":[],"typeProperties":{"source":{"type":"DelimitedTextSource","storeSettings":{"type":"AzureBlobStorageReadSettings","recursive":false,"wildcardFileName":"skiplines.csv","enablePartitionDiscovery":false},"formatSettings":{"type":"DelimitedTextReadSettings"}},"dataset":{"referenceName":"folderout","type":"DatasetReference","parameters":{}}}},{"name":"WriteSkippedRows","type":"ExecuteDataFlow","dependsOn":[{"activity":"Lookup1","dependencyConditions":["Succeeded"]}],"policy":{"timeout":"7.00:00:00","retry":0,"retryIntervalInSeconds":30,"secureOutput":false,"secureInput":false},"userProperties":[],"typeProperties":{"dataflow":{"referenceName":"skipped","type":"DataFlowReference","parameters":{"skiplines":{"value":"'@{activity('Lookup1').output.firstRow.firstline}'","type":"Expression"}},"datasetParameters":{"skiplines":{},"sink1":{}}},"staging":{},"integrationRuntime":{"referenceName":"myDataFlowCluster","type":"IntegrationRuntimeReference"}}}],"annotations":[]},"dependsOn":["[concat(variables('factoryId'), '/dataflows/wheredoesmydatabegin')]","[concat(variables('factoryId'), '/datasets/folderout')]","[concat(variables('factoryId'), '/dataflows/skipped')]"]},{"name":"[concat(parameters('factoryName'), '/wheredoesmydatabegin')]","type":"Microsoft.DataFactory/factories/dataflows","apiVersion":"2018-06-01","properties":{"type":"MappingDataFlow","typeProperties":{"sources":[{"dataset":{"referenceName":"salesskip","type":"DatasetReference"},"name":"source1","typeProperties":{}}],"sinks":[{"dataset":{"referenceName":"folderout","type":"DatasetReference"},"name":"sink1"}],"transformations":[{"name":"AddRowNums"},{"name":"DefineDataLines"},{"name":"FindFirstLine"}],"script":"\n\nsource(allowSchemaDrift: true,\n\tvalidateSchema: false) ~> source1\nsource1 keyGenerate(output(rownum as long),\n\tstartAt: 1L) ~> AddRowNums\nAddRowNums derive(datalines = iif(!isNull(toInteger(left(toString(byPosition(1)),1))),toInteger(rownum),toInteger(9999999))) ~> DefineDataLines\nDefineDataLines aggregate(firstline = toInteger(minIf(datalines!=0,datalines))) ~> FindFirstLine\nFindFirstLine sink(allowSchemaDrift: true,\n\tvalidateSchema: false,\n\tpartitionFileNames:['skiplines.csv'],\n\tpartitionBy('hash', 1)) ~> sink1"}},"dependsOn":["[concat(variables('factoryId'), '/datasets/salesskip')]","[concat(variables('factoryId'), '/datasets/folderout')]"]},{"name":"[concat(parameters('factoryName'), '/folderout')]","type":"Microsoft.DataFactory/factories/datasets","apiVersion":"2018-06-01","properties":{"linkedServiceName":{"referenceName":"[parameters('AzureBlobStorage1')]","type":"LinkedServiceReference"},"annotations":[],"type":"DelimitedText","typeProperties":{"location":{"type":"AzureBlobStorageLocation","folderPath":"output/mydataflow123partfiles","container":"mycontainer"},"columnDelimiter":",","escapeChar":"\\","firstRowAsHeader":true,"quoteChar":"\""},"schema":[]},"dependsOn":[]},{"name":"[concat(parameters('factoryName'), '/skipped')]","type":"Microsoft.DataFactory/factories/dataflows","apiVersion":"2018-06-01","properties":{"type":"MappingDataFlow","typeProperties":{"sources":[{"dataset":{"referenceName":"readskipped","type":"DatasetReference"},"name":"skiplines","typeProperties":{}}],"sinks":[{"dataset":{"referenceName":"folderout","type":"DatasetReference"},"name":"sink1"}],"transformations":[],"script":"\nparameters{\n\tskiplines as string\n}\nsource(allowSchemaDrift: true,\n\tvalidateSchema: false,\n\tskipLines: (toInteger($skiplines))) ~> skiplines\nskiplines sink(allowSchemaDrift: true,\n\tvalidateSchema: false,\n\temptyLinesAsHeader: (toInteger($skiplines)),\n\tpartitionFileNames:['skippedrows.csv'],\n\tpartitionBy('hash', 1)) ~> sink1"}},"dependsOn":["[concat(variables('factoryId'), '/datasets/readskipped')]","[concat(variables('factoryId'), '/datasets/folderout')]"]},{"name":"[concat(parameters('factoryName'), '/salesskip')]","type":"Microsoft.DataFactory/factories/datasets","apiVersion":"2018-06-01","properties":{"linkedServiceName":{"referenceName":"[parameters('AzureBlobStorage1')]","type":"LinkedServiceReference"},"annotations":[],"type":"DelimitedText","typeProperties":{"location":{"type":"AzureBlobStorageLocation","fileName":"salesskip.csv","folderPath":"SampleData","container":"mycontainer"},"columnDelimiter":"","escapeChar":"\\","quoteChar":"\""},"schema":[]},"dependsOn":[]},{"name":"[concat(parameters('factoryName'), '/readskipped')]","type":"Microsoft.DataFactory/factories/datasets","apiVersion":"2018-06-01","properties":{"linkedServiceName":{"referenceName":"[parameters('MoviesADLS')]","type":"LinkedServiceReference"},"annotations":[],"type":"DelimitedText","typeProperties":{"location":{"type":"AzureBlobFSLocation","fileName":"salesskip.csv","folderPath":"SampleData","fileSystem":"mycontainer"},"columnDelimiter":",","escapeChar":"\\","quoteChar":"\""},"schema":[]},"dependsOn":[]}]}