{"$schema":"http://schema.management.azure.com/schemas/2015-01-01/deploymentTemplate.json#","contentVersion":"1.0.0.0","parameters":{"factoryName":{"type":"string","metadata":"Data Factory name"},"AzureBlobStorage1":{"type":"string"}},"variables":{"factoryId":"[concat('Microsoft.DataFactory/factories/', parameters('factoryName'))]"},"resources":[{"name":"[concat(parameters('factoryName'), '/Moving Average')]","type":"Microsoft.DataFactory/factories/pipelines","apiVersion":"2018-06-01","properties":{"description":"Moving average example using Microsoft stock prices from Quandl CSV data:\n\nhttps://www.quandl.com/data/EOD/MSFT-Microsoft-Corporation-MSFT-Stock-Prices-Dividends-and-Splits","activities":[{"name":"Moving Average","type":"ExecuteDataFlow","dependsOn":[],"policy":{"timeout":"7.00:00:00","retry":0,"retryIntervalInSeconds":30,"secureOutput":false,"secureInput":false},"userProperties":[],"typeProperties":{"dataflow":{"referenceName":"Moving Average","type":"DataFlowReference","parameters":{},"datasetParameters":{"StocksSource":{},"sink1":{}}},"staging":{},"compute":{"coreCount":8,"computeType":"General"},"traceLevel":"Fine"}}],"policy":{"elapsedTimeMetric":{},"cancelAfter":{}},"annotations":[]},"dependsOn":["[concat(variables('factoryId'), '/dataflows/Moving Average')]"]},{"name":"[concat(parameters('factoryName'), '/Moving Average')]","type":"Microsoft.DataFactory/factories/dataflows","apiVersion":"2018-06-01","properties":{"type":"MappingDataFlow","typeProperties":{"sources":[{"dataset":{"referenceName":"msftstock","type":"DatasetReference"},"name":"StocksSource"}],"sinks":[{"dataset":{"referenceName":"folderout","type":"DatasetReference"},"name":"sink1"}],"transformations":[{"name":"Window1"},{"name":"Select1"},{"name":"DerivedColumn1"}],"script":"source(output(\n\t\tDate as date,\n\t\tOpen as double,\n\t\tHigh as double,\n\t\tLow as double,\n\t\tClose as double,\n\t\tVolume as double,\n\t\tDividend as double,\n\t\tSplit as double,\n\t\tAdj_Open as double,\n\t\tAdj_High as double,\n\t\tAdj_Low as double,\n\t\tAdj_Close as double,\n\t\tAdj_Volume as double\n\t),\n\tallowSchemaDrift: true,\n\tvalidateSchema: false,\n\tignoreNoFilesFound: false) ~> StocksSource\nDerivedColumn1 window(over(stocksymbol),\n\tasc(Date, true),\n\tstartRowOffset: -7L,\n\tendRowOffset: 7L,\n\tFifteenDayMovingAvg = round(avg(Close),2)) ~> Window1\nWindow1 select(mapColumn(\n\t\tDate,\n\t\tClose,\n\t\tFifteenDayMovingAvg\n\t),\n\tskipDuplicateMapInputs: true,\n\tskipDuplicateMapOutputs: true) ~> Select1\nStocksSource derive(stocksymbol = 'msft') ~> DerivedColumn1\nSelect1 sink(allowSchemaDrift: true,\n\tvalidateSchema: false,\n\tskipDuplicateMapInputs: true,\n\tskipDuplicateMapOutputs: true,\n\tsaveOrder: 1) ~> sink1"}},"dependsOn":["[concat(variables('factoryId'), '/datasets/msftstock')]","[concat(variables('factoryId'), '/datasets/folderout')]"]},{"name":"[concat(parameters('factoryName'), '/msftstock')]","type":"Microsoft.DataFactory/factories/datasets","apiVersion":"2018-06-01","properties":{"linkedServiceName":{"referenceName":"[parameters('AzureBlobStorage1')]","type":"LinkedServiceReference"},"annotations":[],"type":"DelimitedText","typeProperties":{"location":{"type":"AzureBlobStorageLocation","fileName":"EOD-MSFT.csv","folderPath":"SampleData","container":"mycontainer"},"columnDelimiter":",","escapeChar":"\\","firstRowAsHeader":true,"quoteChar":"\""},"schema":[{"name":"Date","type":"String"},{"name":"Open","type":"String"},{"name":"High","type":"String"},{"name":"Low","type":"String"},{"name":"Close","type":"String"},{"name":"Volume","type":"String"},{"name":"Dividend","type":"String"},{"name":"Split","type":"String"},{"name":"Adj_Open","type":"String"},{"name":"Adj_High","type":"String"},{"name":"Adj_Low","type":"String"},{"name":"Adj_Close","type":"String"},{"name":"Adj_Volume","type":"String"}]},"dependsOn":[]},{"name":"[concat(parameters('factoryName'), '/folderout')]","type":"Microsoft.DataFactory/factories/datasets","apiVersion":"2018-06-01","properties":{"linkedServiceName":{"referenceName":"[parameters('AzureBlobStorage1')]","type":"LinkedServiceReference"},"annotations":[],"type":"DelimitedText","typeProperties":{"location":{"type":"AzureBlobStorageLocation","folderPath":"output/demoout1","container":"mycontainer"},"columnDelimiter":",","escapeChar":"\\","quoteChar":"\""},"schema":[]},"dependsOn":[]}]}