{"$schema":"http://schema.management.azure.com/schemas/2015-01-01/deploymentTemplate.json#","contentVersion":"1.0.0.0","parameters":{"factoryName":{"type":"string","metadata":"Data Factory name"},"AzureBlobStorage1":{"type":"string"}},"variables":{"factoryId":"[concat('Microsoft.DataFactory/factories/', parameters('factoryName'))]"},"resources":[{"name":"[concat(parameters('factoryName'), '/findDelimiter')]","type":"Microsoft.DataFactory/factories/pipelines","apiVersion":"2018-06-01","properties":{"activities":[{"name":"Lookup1","type":"Lookup","dependsOn":[{"activity":"findDelimiter","dependencyConditions":["Succeeded"]}],"policy":{"timeout":"7.00:00:00","retry":0,"retryIntervalInSeconds":30,"secureOutput":false,"secureInput":false},"userProperties":[],"typeProperties":{"source":{"type":"DelimitedTextSource","storeSettings":{"type":"AzureBlobStorageReadSettings","recursive":false,"wildcardFileName":"delimiter.txt","enablePartitionDiscovery":false},"formatSettings":{"type":"DelimitedTextReadSettings"}},"dataset":{"referenceName":"delimiterout","type":"DatasetReference","parameters":{}},"firstRowOnly":true}},{"name":"delimparam","type":"ExecuteDataFlow","dependsOn":[{"activity":"Lookup1","dependencyConditions":["Succeeded"]}],"policy":{"timeout":"7.00:00:00","retry":0,"retryIntervalInSeconds":30,"secureOutput":false,"secureInput":false},"userProperties":[],"typeProperties":{"dataflow":{"referenceName":"delimparam","type":"DataFlowReference","parameters":{},"datasetParameters":{"source1":{"delim":{"value":"@substring(activity('Lookup1').output.firstRow.Prop_0,11,1)","type":"Expression"}},"sink1":{}}},"staging":{},"compute":{"coreCount":8,"computeType":"General"}}},{"name":"findDelimiter","type":"ExecuteDataFlow","dependsOn":[],"policy":{"timeout":"7.00:00:00","retry":0,"retryIntervalInSeconds":30,"secureOutput":false,"secureInput":false},"userProperties":[],"typeProperties":{"dataflow":{"referenceName":"findDelimiter","type":"DataFlowReference","parameters":{},"datasetParameters":{"source":{},"outputdelim":{}}},"staging":{},"compute":{"coreCount":8,"computeType":"General"}}}],"annotations":[]},"dependsOn":["[concat(variables('factoryId'), '/datasets/delimiterout')]","[concat(variables('factoryId'), '/dataflows/delimparam')]","[concat(variables('factoryId'), '/dataflows/findDelimiter')]"]},{"name":"[concat(parameters('factoryName'), '/delimiterout')]","type":"Microsoft.DataFactory/factories/datasets","apiVersion":"2018-06-01","properties":{"linkedServiceName":{"referenceName":"[parameters('AzureBlobStorage1')]","type":"LinkedServiceReference"},"annotations":[],"type":"DelimitedText","typeProperties":{"location":{"type":"AzureBlobStorageLocation","folderPath":"output/mydataflow123partfiles","container":"mycontainer"},"columnDelimiter":",","escapeChar":"\\","quoteChar":"\""},"schema":[]},"dependsOn":[]},{"name":"[concat(parameters('factoryName'), '/delimparam')]","type":"Microsoft.DataFactory/factories/dataflows","apiVersion":"2018-06-01","properties":{"type":"MappingDataFlow","typeProperties":{"sources":[{"dataset":{"referenceName":"dynadelim","type":"DatasetReference"},"name":"source1"}],"sinks":[{"dataset":{"referenceName":"folderout","type":"DatasetReference"},"name":"sink1"}],"transformations":[],"script":"source(allowSchemaDrift: true,\n\tvalidateSchema: false) ~> source1\nsource1 sink(allowSchemaDrift: true,\n\tvalidateSchema: false,\n\tpartitionFileNames:['delimfinal.txt'],\n\tpartitionBy('hash', 1),\n\tskipDuplicateMapInputs: true,\n\tskipDuplicateMapOutputs: true) ~> sink1"}},"dependsOn":["[concat(variables('factoryId'), '/datasets/dynadelim')]","[concat(variables('factoryId'), '/datasets/folderout')]"]},{"name":"[concat(parameters('factoryName'), '/findDelimiter')]","type":"Microsoft.DataFactory/factories/dataflows","apiVersion":"2018-06-01","properties":{"type":"MappingDataFlow","typeProperties":{"sources":[{"dataset":{"referenceName":"MoviesD2_fixed","type":"DatasetReference"},"name":"source"}],"sinks":[{"dataset":{"referenceName":"delimiterout","type":"DatasetReference"},"name":"outputdelim"}],"transformations":[{"name":"DerivedColumn1"},{"name":"JustHeader"},{"name":"NameSingleCol","description":"Creates an explicit mapping for each drifted column"},{"name":"NumberEachRow"}],"script":"source(allowSchemaDrift: true,\n\tvalidateSchema: false) ~> source\nJustHeader derive(delimiter = 'Delimiter:,'+toString(regexExtract({_col0_},'([!$`~%^,|\\t])',1))) ~> DerivedColumn1\nNumberEachRow filter(rownum == 1) ~> JustHeader\nsource derive({_col0_} = toString(byName('_col0_'))) ~> NameSingleCol\nNameSingleCol keyGenerate(output(rownum as long),\n\tstartAt: 1L) ~> NumberEachRow\nDerivedColumn1 sink(allowSchemaDrift: true,\n\tvalidateSchema: false,\n\tpartitionFileNames:['delimiter.txt'],\n\tmapColumn(\n\t\tdelimiter\n\t),\n\tpartitionBy('hash', 1),\n\tskipDuplicateMapInputs: true,\n\tskipDuplicateMapOutputs: true,\n\tquoteAll: true) ~> outputdelim"}},"dependsOn":["[concat(variables('factoryId'), '/datasets/MoviesD2_fixed')]","[concat(variables('factoryId'), '/datasets/delimiterout')]"]},{"name":"[concat(parameters('factoryName'), '/dynadelim')]","type":"Microsoft.DataFactory/factories/datasets","apiVersion":"2018-06-01","properties":{"linkedServiceName":{"referenceName":"[parameters('AzureBlobStorage1')]","type":"LinkedServiceReference"},"parameters":{"delim":{"type":"string"}},"annotations":[],"type":"DelimitedText","typeProperties":{"location":{"type":"AzureBlobStorageLocation","fileName":"moviesDB.csv","folderPath":"SampleData","container":"mycontainer"},"columnDelimiter":{"value":"@dataset().delim","type":"Expression"},"escapeChar":"\\","firstRowAsHeader":true,"quoteChar":"\""},"schema":[]},"dependsOn":[]},{"name":"[concat(parameters('factoryName'), '/folderout')]","type":"Microsoft.DataFactory/factories/datasets","apiVersion":"2018-06-01","properties":{"linkedServiceName":{"referenceName":"[parameters('AzureBlobStorage1')]","type":"LinkedServiceReference"},"annotations":[],"type":"DelimitedText","typeProperties":{"location":{"type":"AzureBlobStorageLocation","folderPath":"output/mydataflow123partfiles","container":"mycontainer"},"columnDelimiter":",","escapeChar":"\\","firstRowAsHeader":true,"quoteChar":"\""},"schema":[]},"dependsOn":[]},{"name":"[concat(parameters('factoryName'), '/MoviesD2_fixed')]","type":"Microsoft.DataFactory/factories/datasets","apiVersion":"2018-06-01","properties":{"linkedServiceName":{"referenceName":"[parameters('AzureBlobStorage1')]","type":"LinkedServiceReference"},"annotations":[],"type":"DelimitedText","typeProperties":{"location":{"type":"AzureBlobStorageLocation","fileName":"myfile123.csv","folderPath":"output/mydataflow123partfiles","container":"mycontainer"},"columnDelimiter":"","escapeChar":"\\","firstRowAsHeader":false,"quoteChar":"\""},"schema":[]},"dependsOn":[]}]}