{"$schema":"http://schema.management.azure.com/schemas/2015-01-01/deploymentTemplate.json#","contentVersion":"1.0.0.0","parameters":{"factoryName":{"type":"string","metadata":"Data Factory name"},"AzureBlobStorage1":{"type":"string"}},"variables":{"factoryId":"[concat('Microsoft.DataFactory/factories/', parameters('factoryName'))]"},"resources":[{"name":"[concat(parameters('factoryName'), '/DynaColsPipe')]","type":"Microsoft.DataFactory/factories/pipelines","apiVersion":"2018-06-01","properties":{"description":"Dynamic column replacement in mapping data flows","activities":[{"name":"DynaCols","type":"ExecuteDataFlow","dependsOn":[],"policy":{"timeout":"1.00:00:00","retry":0,"retryIntervalInSeconds":30,"secureOutput":false,"secureInput":false},"userProperties":[],"typeProperties":{"dataflow":{"referenceName":"DynaCols","type":"DataFlowReference","parameters":{"parameter1":"[['a','b','c']"},"datasetParameters":{"movies1":{},"columnmappings":{},"movies2":{},"cachedSink":{}}},"staging":{},"compute":{"coreCount":8,"computeType":"General"},"traceLevel":"Fine"}}],"policy":{"elapsedTimeMetric":{},"cancelAfter":{}},"annotations":[]},"dependsOn":["[concat(variables('factoryId'), '/dataflows/DynaCols')]"]},{"name":"[concat(parameters('factoryName'), '/DynaCols')]","type":"Microsoft.DataFactory/factories/dataflows","apiVersion":"2018-06-01","properties":{"type":"MappingDataFlow","typeProperties":{"sources":[{"dataset":{"referenceName":"MoviesD2","type":"DatasetReference"},"name":"movies1"},{"linkedService":{"referenceName":"[parameters('AzureBlobStorage1')]","type":"LinkedServiceReference"},"name":"columnmappings"},{"dataset":{"referenceName":"MoviesD2","type":"DatasetReference"},"name":"movies2"}],"sinks":[{"name":"cachedSink"}],"transformations":[{"name":"ParamReplace"},{"name":"lookupReplace"}],"script":"parameters{\n\tparameter1 as string[] (['a','b','c'])\n}\nsource(output(\n\t\tmovie as string,\n\t\ttitle as string,\n\t\tgenres as string,\n\t\tyear as string,\n\t\tRating as string,\n\t\tRottenTomato as string\n\t),\n\tallowSchemaDrift: true,\n\tvalidateSchema: false,\n\tignoreNoFilesFound: false) ~> movies1\nsource(output(\n\t\tnewcolumn as string,\n\t\tprevcolumn as string\n\t),\n\tallowSchemaDrift: true,\n\tvalidateSchema: false,\n\tignoreNoFilesFound: false,\n\tformat: 'json',\n\tcontainer: 'mycontainer',\n\tfileName: 'nulls.json',\n\tdocumentForm: 'arrayOfDocuments') ~> columnmappings\nsource(output(\n\t\tmovie as string,\n\t\ttitle as string,\n\t\tgenres as string,\n\t\tyear as string,\n\t\tRating as string,\n\t\tRottenTomato as string\n\t),\n\tallowSchemaDrift: true,\n\tvalidateSchema: false,\n\tignoreNoFilesFound: false) ~> movies2\nmovies1 select(mapColumn(\n\t\teach(match(position==1),\n\t\t\t$parameter1[1] = $$),\n\t\teach(match(position==2),\n\t\t\t$parameter1[2] = $$),\n\t\teach(match(position==3),\n\t\t\t$parameter1[3] = $$)\n\t),\n\tskipDuplicateMapInputs: true,\n\tskipDuplicateMapOutputs: true) ~> ParamReplace\nmovies2 select(mapColumn(\n\t\teach(match(!isNull(cachedSink#lookup(name).prevcolumn)),\n\t\t\tcachedSink#lookup($$).newcolumn = $$)\n\t),\n\tskipDuplicateMapInputs: true,\n\tskipDuplicateMapOutputs: true) ~> lookupReplace\ncolumnmappings sink(allowSchemaDrift: true,\n\tvalidateSchema: false,\n\tskipDuplicateMapInputs: true,\n\tskipDuplicateMapOutputs: true,\n\tkeys:['prevcolumn'],\n\tstore: 'cache',\n\tformat: 'inline',\n\toutput: false,\n\tsaveOrder: 1) ~> cachedSink"}},"dependsOn":["[concat(variables('factoryId'), '/datasets/MoviesD2')]"]},{"name":"[concat(parameters('factoryName'), '/MoviesD2')]","type":"Microsoft.DataFactory/factories/datasets","apiVersion":"2018-06-01","properties":{"linkedServiceName":{"referenceName":"[parameters('AzureBlobStorage1')]","type":"LinkedServiceReference"},"annotations":[],"type":"DelimitedText","typeProperties":{"location":{"type":"AzureBlobStorageLocation","fileName":"moviesDB.csv","folderPath":"SampleData","container":"mycontainer"},"columnDelimiter":",","escapeChar":"\\","firstRowAsHeader":true,"quoteChar":"\""},"schema":[{"name":"movie","type":"String"},{"name":"title","type":"String"},{"name":"genres","type":"String"},{"name":"year","type":"String"},{"name":"Rating","type":"String"},{"name":"RottenTomato","type":"String"}]},"dependsOn":[]}]}