{"$schema":"http://schema.management.azure.com/schemas/2015-01-01/deploymentTemplate.json#","contentVersion":"1.0.0.0","parameters":{"factoryName":{"type":"string","metadata":"Data Factory name"},"AzureBlobStorage1":{"type":"string"}},"variables":{"factoryId":"[concat('Microsoft.DataFactory/factories/', parameters('factoryName'))]"},"resources":[{"name":"[concat(parameters('factoryName'), '/MovieAnalytics')]","type":"Microsoft.DataFactory/factories/pipelines","apiVersion":"2018-06-01","properties":{"activities":[{"name":"Movie Analytics","type":"ExecuteDataFlow","dependsOn":[],"policy":{"timeout":"7.00:00:00","retry":0,"retryIntervalInSeconds":30,"secureOutput":false,"secureInput":false},"userProperties":[],"typeProperties":{"dataflow":{"referenceName":"MovieAnalytics","type":"DataFlowReference","parameters":{},"datasetParameters":{"MoviesCSVSource":{},"sink1AvgRatingByYear":{},"sink2MinMaxRating":{},"sink3Favorites":{}}},"staging":{},"compute":{"coreCount":8,"computeType":"General"},"traceLevel":"Fine","runConcurrently":true}}],"policy":{"elapsedTimeMetric":{},"cancelAfter":{}},"annotations":[]},"dependsOn":["[concat(variables('factoryId'), '/dataflows/MovieAnalytics')]"]},{"name":"[concat(parameters('factoryName'), '/MovieAnalytics')]","type":"Microsoft.DataFactory/factories/dataflows","apiVersion":"2018-06-01","properties":{"type":"MappingDataFlow","typeProperties":{"sources":[{"dataset":{"referenceName":"moviesCSV","type":"DatasetReference"},"name":"MoviesCSVSource"}],"sinks":[{"dataset":{"referenceName":"folderout","type":"DatasetReference"},"name":"sink1AvgRatingByYear"},{"dataset":{"referenceName":"folderout","type":"DatasetReference"},"name":"sink2MinMaxRating"},{"dataset":{"referenceName":"folderout","type":"DatasetReference"},"name":"sink3Favorites"}],"transformations":[{"name":"AvgComedyRatingByYear"},{"name":"minMaxRatingByYear"},{"name":"Favorite"},{"name":"Filter1"}],"script":"source(output(\n\t\tmovie as integer,\n\t\ttitle as string,\n\t\tgenres as string,\n\t\tyear as short,\n\t\tRating as short,\n\t\tRottenTomato as short\n\t),\n\tallowSchemaDrift: true,\n\tvalidateSchema: false,\n\tignoreNoFilesFound: false) ~> MoviesCSVSource\nMoviesCSVSource aggregate(groupBy(year),\n\tavgRatingForComedies = round(avgIf(instr(lower(genres),'comedy')>0,Rating),2)) ~> AvgComedyRatingByYear\nMoviesCSVSource aggregate(groupBy(year),\n\tminRating = min(Rating),\n\t\tmaxRating = max(Rating)) ~> minMaxRatingByYear\nFilter1 derive(Favorite = true()) ~> Favorite\nMoviesCSVSource filter(year == 1980) ~> Filter1\nAvgComedyRatingByYear sink(allowSchemaDrift: true,\n\tvalidateSchema: false,\n\tskipDuplicateMapInputs: true,\n\tskipDuplicateMapOutputs: true) ~> sink1AvgRatingByYear\nminMaxRatingByYear sink(allowSchemaDrift: true,\n\tvalidateSchema: false,\n\tskipDuplicateMapInputs: true,\n\tskipDuplicateMapOutputs: true) ~> sink2MinMaxRating\nFavorite sink(allowSchemaDrift: true,\n\tvalidateSchema: false,\n\tskipDuplicateMapInputs: true,\n\tskipDuplicateMapOutputs: true) ~> sink3Favorites"}},"dependsOn":["[concat(variables('factoryId'), '/datasets/moviesCSV')]","[concat(variables('factoryId'), '/datasets/folderout')]"]},{"name":"[concat(parameters('factoryName'), '/moviesCSV')]","type":"Microsoft.DataFactory/factories/datasets","apiVersion":"2018-06-01","properties":{"linkedServiceName":{"referenceName":"[parameters('AzureBlobStorage1')]","type":"LinkedServiceReference"},"annotations":[],"type":"DelimitedText","typeProperties":{"location":{"type":"AzureBlobStorageLocation","fileName":"moviesDB.csv","folderPath":"SampleData","container":"mycontainer"},"columnDelimiter":",","escapeChar":"\\","firstRowAsHeader":true,"quoteChar":"\""},"schema":[{"name":"movie","type":"String"},{"name":"title","type":"String"},{"name":"genres","type":"String"},{"name":"year","type":"String"},{"name":"Rating","type":"String"},{"name":"RottenTomato","type":"String"}]},"dependsOn":[]},{"name":"[concat(parameters('factoryName'), '/folderout')]","type":"Microsoft.DataFactory/factories/datasets","apiVersion":"2018-06-01","properties":{"linkedServiceName":{"referenceName":"[parameters('AzureBlobStorage1')]","type":"LinkedServiceReference"},"annotations":[],"type":"DelimitedText","typeProperties":{"location":{"type":"AzureBlobStorageLocation","folderPath":"output/demoout1","container":"mycontainer"},"columnDelimiter":",","escapeChar":"\\","quoteChar":"\""},"schema":[]},"dependsOn":[]}]}