{"$schema":"http://schema.management.azure.com/schemas/2015-01-01/deploymentTemplate.json#","contentVersion":"1.0.0.0","parameters":{"factoryName":{"type":"string","metadata":"Data Factory name"},"AzureDataLakeStorage1":{"type":"string"},"AzureBlobStorage1":{"type":"string"}},"variables":{"factoryId":"[concat('Microsoft.DataFactory/factories/', parameters('factoryName'))]"},"resources":[{"name":"[concat(parameters('factoryName'), '/DeltaPipeline')]","type":"Microsoft.DataFactory/factories/pipelines","apiVersion":"2018-06-01","properties":{"activities":[{"name":"DeltaUpdates","type":"ExecuteDataFlow","dependsOn":[],"policy":{"timeout":"7.00:00:00","retry":0,"retryIntervalInSeconds":30,"secureOutput":false,"secureInput":false},"userProperties":[],"typeProperties":{"dataflow":{"referenceName":"DeltaLake1","type":"DataFlowReference","parameters":{},"datasetParameters":{"source1":{},"sink1":{}}},"staging":{},"compute":{"coreCount":8,"computeType":"General"},"traceLevel":"Fine"}}],"policy":{"elapsedTimeMetric":{},"cancelAfter":{}},"annotations":[]},"dependsOn":["[concat(variables('factoryId'), '/dataflows/DeltaLake1')]"]},{"name":"[concat(parameters('factoryName'), '/DeltaLake1')]","type":"Microsoft.DataFactory/factories/dataflows","apiVersion":"2018-06-01","properties":{"type":"MappingDataFlow","typeProperties":{"sources":[{"dataset":{"referenceName":"moviesCSV","type":"DatasetReference"},"name":"source1"}],"sinks":[{"linkedService":{"referenceName":"[parameters('AzureDataLakeStorage1')]","type":"LinkedServiceReference"},"name":"sink1"}],"transformations":[{"name":"DerivedColumn1"},{"name":"AlterRow1"},{"name":"Filter1"}],"script":"source(output(\n\t\tmovie as integer,\n\t\ttitle as string,\n\t\tgenres as string,\n\t\tyear as short,\n\t\tRating as short,\n\t\tRottenTomato as short\n\t),\n\tallowSchemaDrift: true,\n\tvalidateSchema: false,\n\tignoreNoFilesFound: false) ~> source1\nFilter1 derive(Rating = iif(year==1988,1,toInteger(Rating)),\n\t\tyear = iif(year==1960,2021,toInteger(year))) ~> DerivedColumn1\nDerivedColumn1 alterRow(updateIf(year==1988),\n\tinsertIf(year==2021),\n\tdeleteIf(year==1950)) ~> AlterRow1\nsource1 filter(year == 1988 || year == 1960 || year == 1950) ~> Filter1\nAlterRow1 sink(allowSchemaDrift: true,\n\tvalidateSchema: false,\n\tformat: 'delta',\n\tfileSystem: 'mycontainer',\n\tfolderPath: 'moviesdelta',\n\ttruncate: false,\n\tmergeSchema: false,\n\tvacuum: 0,\n\tdeletable:true,\n\tinsertable:true,\n\tupdateable:true,\n\tupsertable:false,\n\tkeys:['movie','year'],\n\tskipDuplicateMapInputs: true,\n\tskipDuplicateMapOutputs: true) ~> sink1"}},"dependsOn":["[concat(variables('factoryId'), '/datasets/moviesCSV')]"]},{"name":"[concat(parameters('factoryName'), '/moviesCSV')]","type":"Microsoft.DataFactory/factories/datasets","apiVersion":"2018-06-01","properties":{"linkedServiceName":{"referenceName":"[parameters('AzureBlobStorage1')]","type":"LinkedServiceReference"},"annotations":[],"type":"DelimitedText","typeProperties":{"location":{"type":"AzureBlobStorageLocation","fileName":"moviesDB.csv","folderPath":"SampleData","container":"mycontainer"},"columnDelimiter":",","escapeChar":"\\","firstRowAsHeader":true,"quoteChar":"\""},"schema":[{"name":"movie","type":"String"},{"name":"title","type":"String"},{"name":"genres","type":"String"},{"name":"year","type":"String"},{"name":"Rating","type":"String"},{"name":"RottenTomato","type":"String"}]},"dependsOn":[]}]}