{"$schema":"http://schema.management.azure.com/schemas/2015-01-01/deploymentTemplate.json#","contentVersion":"1.0.0.0","parameters":{"factoryName":{"type":"string","metadata":"Data Factory name"},"AzureBlobStorage1":{"type":"string"}},"variables":{"factoryId":"[concat('Microsoft.DataFactory/factories/', parameters('factoryName'))]"},"resources":[{"name":"[concat(parameters('factoryName'), '/sinkIfMoreThanNRows')]","type":"Microsoft.DataFactory/factories/pipelines","apiVersion":"2018-06-01","properties":{"activities":[{"name":"sinkIfMoreThanNRows","type":"ExecuteDataFlow","dependsOn":[],"policy":{"timeout":"1.00:00:00","retry":0,"retryIntervalInSeconds":30,"secureOutput":false,"secureInput":false},"userProperties":[],"typeProperties":{"dataflow":{"referenceName":"sinkIfMoreThanNRows","type":"DataFlowReference","parameters":{"parameter1":"0"},"datasetParameters":{"moviesSource":{},"rowcountSource":{},"sink1":{},"sink2":{}}},"staging":{},"compute":{"coreCount":8,"computeType":"General"},"traceLevel":"Fine"}}],"policy":{"elapsedTimeMetric":{},"cancelAfter":{}},"annotations":[]},"dependsOn":["[concat(variables('factoryId'), '/dataflows/sinkIfMoreThanNRows')]"]},{"name":"[concat(parameters('factoryName'), '/sinkIfMoreThanNRows')]","type":"Microsoft.DataFactory/factories/dataflows","apiVersion":"2018-06-01","properties":{"type":"MappingDataFlow","typeProperties":{"sources":[{"dataset":{"referenceName":"MoviesD2","type":"DatasetReference"},"name":"moviesSource"},{"dataset":{"referenceName":"MoviesD2","type":"DatasetReference"},"name":"rowcountSource"}],"sinks":[{"name":"sink1"},{"dataset":{"referenceName":"folderout","type":"DatasetReference"},"name":"sink2"}],"transformations":[{"name":"Aggregate1"},{"name":"ConditionalSplit1"},{"name":"Filter1"}],"script":"parameters{\n\tparameter1 as integer (0)\n}\nsource(output(\n\t\tmovie as integer,\n\t\ttitle as string,\n\t\tgenres as string,\n\t\tyear as short,\n\t\tRating as short,\n\t\tRottenTomato as short\n\t),\n\tallowSchemaDrift: true,\n\tvalidateSchema: false,\n\tignoreNoFilesFound: false) ~> moviesSource\nsource(output(\n\t\tmovie as integer,\n\t\ttitle as string,\n\t\tgenres as string,\n\t\tyear as short,\n\t\tRating as short,\n\t\tRottenTomato as short\n\t),\n\tallowSchemaDrift: true,\n\tvalidateSchema: false,\n\tignoreNoFilesFound: false) ~> rowcountSource\nFilter1 aggregate(rowcount = count(1)) ~> Aggregate1\nmoviesSource split(sink1#output().rowcount > $parameter1,\n\tdisjoint: false) ~> ConditionalSplit1@(greaterThan, lessThan)\nrowcountSource filter(year == 1880) ~> Filter1\nAggregate1 sink(allowSchemaDrift: true,\n\tvalidateSchema: false,\n\tskipDuplicateMapInputs: true,\n\tskipDuplicateMapOutputs: true,\n\tstore: 'cache',\n\tformat: 'inline',\n\toutput: false,\n\tsaveOrder: 1) ~> sink1\nConditionalSplit1@greaterThan sink(allowSchemaDrift: true,\n\tvalidateSchema: false,\n\tskipDuplicateMapInputs: true,\n\tskipDuplicateMapOutputs: true) ~> sink2"}},"dependsOn":["[concat(variables('factoryId'), '/datasets/MoviesD2')]","[concat(variables('factoryId'), '/datasets/folderout')]"]},{"name":"[concat(parameters('factoryName'), '/MoviesD2')]","type":"Microsoft.DataFactory/factories/datasets","apiVersion":"2018-06-01","properties":{"linkedServiceName":{"referenceName":"[parameters('AzureBlobStorage1')]","type":"LinkedServiceReference"},"annotations":[],"type":"DelimitedText","typeProperties":{"location":{"type":"AzureBlobStorageLocation","fileName":"moviesDB.csv","folderPath":"SampleData","container":"mycontainer"},"columnDelimiter":",","escapeChar":"\\","firstRowAsHeader":true,"quoteChar":"\""},"schema":[{"name":"movie","type":"String"},{"name":"title","type":"String"},{"name":"genres","type":"String"},{"name":"year","type":"String"},{"name":"Rating","type":"String"},{"name":"RottenTomato","type":"String"}]},"dependsOn":[]},{"name":"[concat(parameters('factoryName'), '/folderout')]","type":"Microsoft.DataFactory/factories/datasets","apiVersion":"2018-06-01","properties":{"linkedServiceName":{"referenceName":"[parameters('AzureBlobStorage1')]","type":"LinkedServiceReference"},"annotations":[],"type":"DelimitedText","typeProperties":{"location":{"type":"AzureBlobStorageLocation","folderPath":"output/demoout1","container":"mycontainer"},"columnDelimiter":",","escapeChar":"\\","firstRowAsHeader":true,"quoteChar":"\""},"schema":[]},"dependsOn":[]}]}