{"$schema":"http://schema.management.azure.com/schemas/2015-01-01/deploymentTemplate.json#","contentVersion":"1.0.0.0","parameters":{"factoryName":{"type":"string","metadata":"Data Factory name"},"AzureBlobStorage1":{"type":"string"},"AzureSqlDatabase1":{"type":"string"}},"variables":{"factoryId":"[concat('Microsoft.DataFactory/factories/', parameters('factoryName'))]"},"resources":[{"name":"[concat(parameters('factoryName'), '/metadatapipeline')]","type":"Microsoft.DataFactory/factories/pipelines","apiVersion":"2018-06-01","properties":{"description":"Sample metadata checker rules","activities":[{"name":"metadataChecker","type":"ExecuteDataFlow","dependsOn":[],"policy":{"timeout":"7.00:00:00","retry":0,"retryIntervalInSeconds":30,"secureOutput":false,"secureInput":false},"userProperties":[],"typeProperties":{"dataflow":{"referenceName":"metadataChecker","type":"DataFlowReference","parameters":{"filename":"'SampleData/moviesDB.csv'","columns":"'movie,title'","dbname":"'products'"},"datasetParameters":{"source1":{},"DBSource":{},"WriteResults":{}}},"staging":{},"compute":{"coreCount":8,"computeType":"General"}}}],"parameters":{"filename":{"type":"string","defaultValue":"'SampleData/moviesDB.csv'"}},"variables":{"metacheck":{"type":"String"}},"annotations":[]},"dependsOn":["[concat(variables('factoryId'), '/dataflows/metadataChecker')]"]},{"name":"[concat(parameters('factoryName'), '/metadataChecker')]","type":"Microsoft.DataFactory/factories/dataflows","apiVersion":"2018-06-01","properties":{"description":"Sample metadata checker rules","type":"MappingDataFlow","typeProperties":{"sources":[{"dataset":{"referenceName":"genericfolder","type":"DatasetReference"},"name":"source1"},{"dataset":{"referenceName":"SQLProducts_new","type":"DatasetReference"},"name":"DBSource"}],"sinks":[{"dataset":{"referenceName":"folderout","type":"DatasetReference"},"name":"WriteResults"}],"transformations":[{"name":"ConditionalSplit1"},{"name":"ConditionalSplit2"},{"name":"BuildModel"},{"name":"GroupBadSources"},{"name":"GroupGoodSources"},{"name":"LabelSource"},{"name":"LabelSource2"},{"name":"SetAsBad"},{"name":"SetAsGood"},{"name":"GroupAll"}],"script":"parameters{\n\tfilename as string ('SampleData/moviesDB.csv'),\n\tcolumns as string ('movie,title'),\n\tdbname as string ('products')\n}\nsource(allowSchemaDrift: true,\n\tvalidateSchema: false,\n\tignoreNoFilesFound: false,\n\tlimit: 1,\n\twildcardPaths:[($filename)]) ~> source1\nsource(output(\n\t\tProductID as integer,\n\t\tName as string,\n\t\tProductNumber as string,\n\t\tColor as string,\n\t\tStandardCost as decimal(19,4),\n\t\tListPrice as decimal(19,4),\n\t\tSize as string,\n\t\tWeight as decimal(8,2),\n\t\tProductCategoryID as integer,\n\t\tProductModelID as integer,\n\t\tSellStartDate as timestamp,\n\t\tSellEndDate as timestamp,\n\t\tDiscontinuedDate as timestamp,\n\t\tThumbnailPhotoFileName as string,\n\t\trowguid as string,\n\t\tModifiedDate as timestamp\n\t),\n\tallowSchemaDrift: true,\n\tvalidateSchema: false,\n\tignoreNoFilesFound: false,\n\tlimit: 1,\n\tisolationLevel: 'READ_UNCOMMITTED',\n\tformat: 'table') ~> DBSource\nLabelSource2 split(isNull(byName('ProductID')),\n\tdisjoint: false) ~> ConditionalSplit1@(badSchema, goodSchema)\nLabelSource split(isNull(columnNames()[8]),\n\tdisjoint: false) ~> ConditionalSplit2@(badColCount, goodColCount)\nConditionalSplit2@goodColCount derive(MovieID = toInteger(byName('movie')),\n\t\tMovieTitle = byName('title'),\n\t\tMovieYearReleased = toInteger(byName('year')),\n\t\tMovieRating = toInteger(byName('Rating')),\n\t\tMovieGenres = split(toString(byName('genres')),'|')) ~> BuildModel\nConditionalSplit2@badColCount, ConditionalSplit1@badSchema union(byName: true)~> GroupBadSources\nBuildModel, ConditionalSplit1@goodSchema union(byName: true)~> GroupGoodSources\nsource1 derive(sourcename = $filename,\n\t\truleName = 'Column Count') ~> LabelSource\nDBSource derive(sourcename = $dbname,\n\t\truleName = 'ID Check') ~> LabelSource2\nGroupBadSources derive(results = 'bad') ~> SetAsBad\nGroupGoodSources derive(results = 'good') ~> SetAsGood\nSetAsBad, SetAsGood union(byName: true)~> GroupAll\nGroupAll sink(allowSchemaDrift: true,\n\tvalidateSchema: false,\n\tpartitionFileNames:['metachecker.csv'],\n\tmapColumn(\n\t\tsourcename,\n\t\truleName = ruleName,\n\t\tresults\n\t),\n\tpartitionBy('hash', 1),\n\tskipDuplicateMapInputs: true,\n\tskipDuplicateMapOutputs: true) ~> WriteResults"}},"dependsOn":["[concat(variables('factoryId'), '/datasets/genericfolder')]","[concat(variables('factoryId'), '/datasets/SQLProducts_new')]","[concat(variables('factoryId'), '/datasets/folderout')]"]},{"name":"[concat(parameters('factoryName'), '/genericfolder')]","type":"Microsoft.DataFactory/factories/datasets","apiVersion":"2018-06-01","properties":{"linkedServiceName":{"referenceName":"[parameters('AzureBlobStorage1')]","type":"LinkedServiceReference"},"annotations":[],"type":"DelimitedText","typeProperties":{"location":{"type":"AzureBlobStorageLocation","folderPath":"SampleData","container":"mycontainer"},"columnDelimiter":",","escapeChar":"\\","firstRowAsHeader":true,"quoteChar":"\""},"schema":[]},"dependsOn":[]},{"name":"[concat(parameters('factoryName'), '/SQLProducts_new')]","type":"Microsoft.DataFactory/factories/datasets","apiVersion":"2018-06-01","properties":{"linkedServiceName":{"referenceName":"[parameters('AzureSqlDatabase1')]","type":"LinkedServiceReference"},"folder":{"name":"Demos"},"annotations":[],"type":"AzureSqlTable","schema":[{"name":"ProductID","type":"int","precision":10},{"name":"Name","type":"nvarchar"},{"name":"ProductNumber","type":"nvarchar"},{"name":"Color","type":"nvarchar"},{"name":"StandardCost","type":"money","precision":19,"scale":4},{"name":"ListPrice","type":"money","precision":19,"scale":4},{"name":"Size","type":"nvarchar"},{"name":"Weight","type":"decimal","precision":8,"scale":2},{"name":"ProductCategoryID","type":"int","precision":10},{"name":"ProductModelID","type":"int","precision":10},{"name":"SellStartDate","type":"datetime","precision":23,"scale":3},{"name":"SellEndDate","type":"datetime","precision":23,"scale":3},{"name":"DiscontinuedDate","type":"datetime","precision":23,"scale":3},{"name":"ThumbnailPhotoFileName","type":"nvarchar"},{"name":"rowguid","type":"uniqueidentifier"},{"name":"ModifiedDate","type":"datetime","precision":23,"scale":3}],"typeProperties":{"tableName":"[[SalesLT].[Product]"}},"dependsOn":[]},{"name":"[concat(parameters('factoryName'), '/folderout')]","type":"Microsoft.DataFactory/factories/datasets","apiVersion":"2018-06-01","properties":{"linkedServiceName":{"referenceName":"[parameters('AzureBlobStorage1')]","type":"LinkedServiceReference"},"annotations":[],"type":"DelimitedText","typeProperties":{"location":{"type":"AzureBlobStorageLocation","folderPath":"output/demoout1","container":"mycontainer"},"columnDelimiter":",","escapeChar":"\\","firstRowAsHeader":true,"quoteChar":"\""},"schema":[]},"dependsOn":[]}]}