{"$schema":"http://schema.management.azure.com/schemas/2015-01-01/deploymentTemplate.json#","contentVersion":"1.0.0.0","parameters":{"factoryName":{"type":"string","metadata":"Data Factory name"},"AzureSqlDatabase1":{"type":"string"},"CosmosDb4Northwind":{"type":"string"}},"variables":{"factoryId":"[concat('Microsoft.DataFactory/factories/', parameters('factoryName'))]"},"resources":[{"name":"[concat(parameters('factoryName'), '/SQL Orders to CosmosDB')]","type":"Microsoft.DataFactory/factories/pipelines","apiVersion":"2018-06-01","properties":{"description":"Take 3NF SQL Azure DB schema for Orders and migrate to a denormalized schema in a new CosmosDB container","activities":[{"name":"denormOrders2","description":"Uses Data Flow R2H features","type":"ExecuteDataFlow","dependsOn":[],"policy":{"timeout":"7.00:00:00","retry":0,"retryIntervalInSeconds":30,"secureOutput":false,"secureInput":false},"userProperties":[],"typeProperties":{"dataflow":{"referenceName":"denormOrders2","type":"DataFlowReference","parameters":{},"datasetParameters":{"SourceOrderDetails":{},"SourceOrderHeader":{},"sink1":{}}},"staging":{},"compute":{"coreCount":8,"computeType":"General"}}}],"annotations":[]},"dependsOn":["[concat(variables('factoryId'), '/dataflows/denormOrders2')]"]},{"name":"[concat(parameters('factoryName'), '/denormOrders2')]","type":"Microsoft.DataFactory/factories/dataflows","apiVersion":"2018-06-01","properties":{"description":"Take 3NF SQL Azure DB schema for Orders and migrate to a denormalized schema in a new CosmosDB container","type":"MappingDataFlow","typeProperties":{"sources":[{"dataset":{"referenceName":"orderdetails","type":"DatasetReference"},"name":"SourceOrderDetails"},{"dataset":{"referenceName":"SalesHeader","type":"DatasetReference"},"name":"SourceOrderHeader"}],"sinks":[{"dataset":{"referenceName":"CosmosDbSqlApiOrders","type":"DatasetReference"},"name":"sink1"}],"transformations":[{"name":"ColumnScrubber"},{"name":"JoinIt"},{"name":"ValueScrubber"},{"name":"CreateArrays"},{"name":"MakeStruct"},{"name":"Typecast"}],"script":"source(output(\n\t\tSalesOrderID as integer,\n\t\tSalesOrderDetailID as integer,\n\t\tOrderQty as integer,\n\t\tProductID as integer,\n\t\tUnitPrice as decimal(19,4),\n\t\tUnitPriceDiscount as decimal(19,4),\n\t\tLineTotal as decimal(38,6),\n\t\trowguid as string,\n\t\tModifiedDate as timestamp\n\t),\n\tallowSchemaDrift: true,\n\tvalidateSchema: false,\n\tisolationLevel: 'READ_UNCOMMITTED',\n\tformat: 'table') ~> SourceOrderDetails\nsource(output(\n\t\tSalesOrderID as integer,\n\t\tRevisionNumber as integer,\n\t\tOrderDate as timestamp,\n\t\tDueDate as timestamp,\n\t\tShipDate as timestamp,\n\t\tStatus as integer,\n\t\tOnlineOrderFlag as boolean,\n\t\tSalesOrderNumber as string,\n\t\tPurchaseOrderNumber as string,\n\t\tAccountNumber as string,\n\t\tCustomerID as integer,\n\t\tShipToAddressID as integer,\n\t\tBillToAddressID as integer,\n\t\tShipMethod as string,\n\t\tCreditCardApprovalCode as string,\n\t\tSubTotal as decimal(19,4),\n\t\tTaxAmt as decimal(19,4),\n\t\tFreight as decimal(19,4),\n\t\tTotalDue as decimal(19,4),\n\t\tComment as string,\n\t\trowguid as string,\n\t\tModifiedDate as timestamp\n\t),\n\tallowSchemaDrift: true,\n\tvalidateSchema: false,\n\tisolationLevel: 'READ_UNCOMMITTED',\n\tformat: 'table') ~> SourceOrderHeader\nJoinIt select(mapColumn(\n\t\tSalesOrderID = SourceOrderHeader@SalesOrderID,\n\t\tSalesOrderDetailID,\n\t\tOrderDate,\n\t\tStatus,\n\t\tSalesOrderNumber,\n\t\tShipMethod,\n\t\tTotalDue,\n\t\torderdetailsstruct\n\t),\n\tskipDuplicateMapInputs: true,\n\tskipDuplicateMapOutputs: true) ~> ColumnScrubber\nSourceOrderHeader, MakeStruct join(SourceOrderHeader@SalesOrderID == SourceOrderDetails@SalesOrderID,\n\tjoinType:'inner',\n\tbroadcast: 'auto')~> JoinIt\nColumnScrubber derive(TotalDue = toDouble(round(TotalDue,2))) ~> ValueScrubber\nValueScrubber aggregate(groupBy(SalesOrderID),\n\tdetails = collect(orderdetailsstruct),\n\t\teach(match(instr(name,'OrderQty')==0&&instr(name,'UnitPrice')==0&&instr(name,'SalesOrderID')==0), $$ = first($$))) ~> CreateArrays\nTypecast derive(orderdetailsstruct = @(orderqty=OrderQty,\n\t\tunitcost=UnitPrice,\n\t\tsalesorderdetailid=SalesOrderDetailID)) ~> MakeStruct\nSourceOrderDetails derive(UnitPrice = toDouble(round(UnitPrice,2))) ~> Typecast\nCreateArrays sink(allowSchemaDrift: true,\n\tvalidateSchema: false,\n\tdeletable:false,\n\tinsertable:true,\n\tupdateable:false,\n\tupsertable:false,\n\trecreate:true,\n\tformat: 'document',\n\tpartitionKey: ['/SalesOrderID'],\n\tthroughput: 2000,\n\tmapColumn(\n\t\tSalesOrderID,\n\t\tdetails,\n\t\tOrderDate,\n\t\tStatus,\n\t\tSalesOrderNumber,\n\t\tShipMethod,\n\t\tTotalDue,\n\t\tdetails\n\t),\n\tpartitionBy('hash', 1),\n\tskipDuplicateMapInputs: true,\n\tskipDuplicateMapOutputs: true) ~> sink1"}},"dependsOn":["[concat(variables('factoryId'), '/datasets/orderdetails')]","[concat(variables('factoryId'), '/datasets/SalesHeader')]","[concat(variables('factoryId'), '/datasets/CosmosDbSqlApiOrders')]"]},{"name":"[concat(parameters('factoryName'), '/orderdetails')]","type":"Microsoft.DataFactory/factories/datasets","apiVersion":"2018-06-01","properties":{"linkedServiceName":{"referenceName":"[parameters('AzureSqlDatabase1')]","type":"LinkedServiceReference"},"annotations":[],"type":"AzureSqlTable","schema":[{"name":"SalesOrderID","type":"int","precision":10},{"name":"SalesOrderDetailID","type":"int","precision":10},{"name":"OrderQty","type":"smallint","precision":5},{"name":"ProductID","type":"int","precision":10},{"name":"UnitPrice","type":"money","precision":19,"scale":4},{"name":"UnitPriceDiscount","type":"money","precision":19,"scale":4},{"name":"LineTotal","type":"decimal","precision":38,"scale":6},{"name":"rowguid","type":"uniqueidentifier"},{"name":"ModifiedDate","type":"datetime","precision":23,"scale":3}],"typeProperties":{"schema":"SalesLT","table":"SalesOrderDetail"}},"dependsOn":[]},{"name":"[concat(parameters('factoryName'), '/SalesHeader')]","type":"Microsoft.DataFactory/factories/datasets","apiVersion":"2018-06-01","properties":{"linkedServiceName":{"referenceName":"[parameters('AzureSqlDatabase1')]","type":"LinkedServiceReference"},"annotations":[],"type":"AzureSqlTable","schema":[{"name":"SalesOrderID","type":"int","precision":10},{"name":"RevisionNumber","type":"tinyint","precision":3},{"name":"OrderDate","type":"datetime","precision":23,"scale":3},{"name":"DueDate","type":"datetime","precision":23,"scale":3},{"name":"ShipDate","type":"datetime","precision":23,"scale":3},{"name":"Status","type":"tinyint","precision":3},{"name":"OnlineOrderFlag","type":"bit"},{"name":"SalesOrderNumber","type":"nvarchar"},{"name":"PurchaseOrderNumber","type":"nvarchar"},{"name":"AccountNumber","type":"nvarchar"},{"name":"CustomerID","type":"int","precision":10},{"name":"ShipToAddressID","type":"int","precision":10},{"name":"BillToAddressID","type":"int","precision":10},{"name":"ShipMethod","type":"nvarchar"},{"name":"CreditCardApprovalCode","type":"varchar"},{"name":"SubTotal","type":"money","precision":19,"scale":4},{"name":"TaxAmt","type":"money","precision":19,"scale":4},{"name":"Freight","type":"money","precision":19,"scale":4},{"name":"TotalDue","type":"money","precision":19,"scale":4},{"name":"Comment","type":"nvarchar"},{"name":"rowguid","type":"uniqueidentifier"},{"name":"ModifiedDate","type":"datetime","precision":23,"scale":3}],"typeProperties":{"tableName":"[[SalesLT].[SalesOrderHeader]"}},"dependsOn":[]},{"name":"[concat(parameters('factoryName'), '/CosmosDbSqlApiOrders')]","type":"Microsoft.DataFactory/factories/datasets","apiVersion":"2018-06-01","properties":{"linkedServiceName":{"referenceName":"[parameters('CosmosDb4Northwind')]","type":"LinkedServiceReference"},"annotations":[],"type":"CosmosDbSqlApiCollection","schema":{},"typeProperties":{"collectionName":"orders2"}},"dependsOn":[]}]}